{
  "project_info": {
    "project_number": "878117043021",
    "project_id": "my-sec-project-app123",
    "storage_bucket": "my-sec-project-app123.appspot.com"
  },
  "client": [
    {
      "client_info": {
        "mobilesdk_app_id": "1:878117043021:android:3d4b4fc94e1343ba105504",
        "android_client_info": {
          "package_name": "com.example.secproject"
        }
      },
      "oauth_client": [
        {
          "client_id": "878117043021-n3kdg0985ktcpj67jgs9hf0ph3h3t2be.apps.googleusercontent.com",
          "client_type": 3
        }
      ],
      "api_key": [
        {
          "current_key": "AIzaSyAIJy42Y6glasFGiSLuUcoerhwoJZNR8z4"
        }
      ],
      "services": {
        "appinvite_service": {
          "other_platform_oauth_client": [
            {
              "client_id": "878117043021-n3kdg0985ktcpj67jgs9hf0ph3h3t2be.apps.googleusercontent.com",
              "client_type": 3
            }
          ]
        }
      }
    }
  ],
  "configuration_version": "1"
}